Workbook

Sheet Invoice Reconciliation (Raw)
A1: Contract Start Date | B1: Term | C1: Term_Fixed | D1: GPU Type | E1: GPUs/Quant | F1: Buyer GPU/ Hr | G1: Supplier GPU/ Hr | H1: Spread
A2: 45793 | B2: 6mo | C2: =_xlfn.IFNA(VLOOKUP($B2,ref!$B$2:$C$34,2,FALSE),"NA") -> 6 Month | D2: H100 | E2: 1024 | F2: 2.66 | G2: 2.51 | H2: =1-(G2/F2) -> 0.056390977 | J2: =AVERAGE(E2:E143) -> 294.6338
A3: 45793 | B3: 6mo | C3: =_xlfn.IFNA(VLOOKUP($B3,ref!$B$2:$C$34,2,FALSE),"NA") -> 6 Month | D3: H100 | E3: 1024 | F3: 2.66 | G3: 2.51 | H3: =1-(G3/F3) -> 0.056390977
A4: 45793 | B4: 6mo | C4: =_xlfn.IFNA(VLOOKUP($B4,ref!$B$2:$C$34,2,FALSE),"NA") -> 6 Month | D4: H100 | E4: 1024 | F4: 2.66 | G4: 2.51 | H4: =1-(G4/F4) -> 0.056390977
A5: 45793 | B5: 6mo | C5: =_xlfn.IFNA(VLOOKUP($B5,ref!$B$2:$C$34,2,FALSE),"NA") -> 6 Month | D5: H100 | E5: 1024 | F5: 2.66 | G5: 2.51 | H5: =1-(G5/F5) -> 0.056390977
A6: 45793 | B6: 6mo | C6: =_xlfn.IFNA(VLOOKUP($B6,ref!$B$2:$C$34,2,FALSE),"NA") -> 6 Month | D6: H100 | E6: 1024 | F6: 2.66 | G6: 2.51 | H6: =1-(G6/F6) -> 0.056390977
A7: 45793 | B7: 12 mo | C7: =_xlfn.IFNA(VLOOKUP($B7,ref!$B$2:$C$34,2,FALSE),"NA") -> 12 Month | D7: H100 | E7: 1024 | F7: 2.66 | G7: 2.51 | H7: =1-(G7/F7) -> 0.056390977
A8: 45764 | C8: =_xlfn.IFNA(VLOOKUP($B8,ref!$B$2:$C$34,2,FALSE),"NA") -> NA | D8: H100 | E8: 1024 | F8: 0.15 | H8: =1-(G8/F8) -> 1
A9: 45733 | B9: 12mo | C9: =_xlfn.IFNA(VLOOKUP($B9,ref!$B$2:$C$34,2,FALSE),"NA") -> 12 Month | D9: H100 | E9: 1024 | F9: 2.66 | G9: 2.51 | H9: =1-(G9/F9) -> 0.056390977
A10: 45705 | B10: 12mo | C10: =_xlfn.IFNA(VLOOKUP($B10,ref!$B$2:$C$34,2,FALSE),"NA") -> 12 Month | D10: H100 | E10: 1024 | F10: 2.66 | G10: 2.51 | H10: =1-(G10/F10) -> 0.056390977
A11: 45684 | B11: 12mo | C11: =_xlfn.IFNA(VLOOKUP($B11,ref!$B$2:$C$34,2,FALSE),"NA") -> 12 Month | D11: H100 | E11: 1024 | F11: 2.66 | G11: 2.51 | H11: =1-(G11/F11) -> 0.056390977
A12: 45839 | B12: 24mo | C12: =_xlfn.IFNA(VLOOKUP($B12,ref!$B$2:$C$34,2,FALSE),"NA") -> 24 Month | D12: H100 | E12: 1008 | F12: 2.12 | G12: 2.12 | H12: =1-(G12/F12) -> 0
A13: 45839 | B13: 24mo | C13: =_xlfn.IFNA(VLOOKUP($B13,ref!$B$2:$C$34,2,FALSE),"NA") -> 24 Month | D13: H100 | E13: 1008 | F13: 2.61 | G13: 2.53 | H13: =1-(G13/F13) -> 0.030651341
A14: 45839 | B14: 24mo | C14: =_xlfn.IFNA(VLOOKUP($B14,ref!$B$2:$C$34,2,FALSE),"NA") -> 24 Month | D14: H100 | E14: 1008 | F14: 2.12 | G14: 2.12 | H14: =1-(G14/F14) -> 0
A15: 45839 | B15: 24mo | C15: =_xlfn.IFNA(VLOOKUP($B15,ref!$B$2:$C$34,2,FALSE),"NA") -> 24 Month | D15: H100 | E15: 1008 | F15: 2.61 | G15: 2.53 | H15: =1-(G15/F15) -> 0.030651341
A16: 45839 | B16: 24mo | C16: =_xlfn.IFNA(VLOOKUP($B16,ref!$B$2:$C$34,2,FALSE),"NA") -> 24 Month | D16: H100 | E16: 1008 | F16: 2.61 | G16: 2.53 | H16: =1-(G16/F16) -> 0.030651341
A17: 45839 | B17: 24mo | C17: =_xlfn.IFNA(VLOOKUP($B17,ref!$B$2:$C$34,2,FALSE),"NA") -> 24 Month | D17: H100 | E17: 1008 | F17: 2.61 | G17: 2.53 | H17: =1-(G17/F17) -> 0.030651341
A18: 45839 | B18: 24mo | C18: =_xlfn.IFNA(VLOOKUP($B18,ref!$B$2:$C$34,2,FALSE),"NA") -> 24 Month | D18: H100 | E18: 1008 | F18: 2.61 | G18: 2.53 | H18: =1-(G18/F18) -> 0.030651341
A19: 45839 | B19: 24mo | C19: =_xlfn.IFNA(VLOOKUP($B19,ref!$B$2:$C$34,2,FALSE),"NA") -> 24 Month | D19: H100 | E19: 1008 | F19: 2.61 | G19: 2.53 | H19: =1-(G19/F19) -> 0.030651341
A20: 45778 | C20: =_xlfn.IFNA(VLOOKUP($B20,ref!$B$2:$C$34,2,FALSE),"NA") -> NA | D20: H100 | E20: 1008 | F20: 2.61 | G20: 2.503 | H20: =1-(G20/F20) -> 0.040996169
A21: 45658 | C21: =_xlfn.IFNA(VLOOKUP($B21,ref!$B$2:$C$34,2,FALSE),"NA") -> NA | D21: H100 | E21: 1008 | F21: 2.61 | G21: 2.503 | H21: =1-(G21/F21) -> 0.040996169
A22: 45658 | B22: 24mo | C22: =_xlfn.IFNA(VLOOKUP($B22,ref!$B$2:$C$34,2,FALSE),"NA") -> 24 Month | D22: H100 | E22: 1008 | F22: 2.61 | G22: 2.503 | H22: =1-(G22/F22) -> 0.040996169
A23: 45991 | C23: =_xlfn.IFNA(VLOOKUP($B23,ref!$B$2:$C$34,2,FALSE),"NA") -> NA | D23: H100 | E23: 512 | F23: 1.3 | G23: 1.25 | H23: =1-(G23/F23) -> 0.038461538
A24: 45808 | B24: 1mo | C24: =_xlfn.IFNA(VLOOKUP($B24,ref!$B$2:$C$34,2,FALSE),"NA") -> 1 Month | D24: H100 | E24: 512 | F24: 1.3 | G24: 1.25 | H24: =1-(G24/F24) -> 0.038461538
A25: 45778 | B25: 12mo | C25: =_xlfn.IFNA(VLOOKUP($B25,ref!$B$2:$C$34,2,FALSE),"NA") -> 12 Month | D25: 4090 | E25: 390 | F25: 0.32 | G25: 0.26 | H25: =1-(G25/F25) -> 0.1875
A26: 45778 | B26: 12mo | C26: =_xlfn.IFNA(VLOOKUP($B26,ref!$B$2:$C$34,2,FALSE),"NA") -> 12 Month | D26: 4090 | E26: 390 | F26: 0.32 | G26: 0.26 | H26: =1-(G26/F26) -> 0.1875
A27: 45778 | B27: 12mo | C27: =_xlfn.IFNA(VLOOKUP($B27,ref!$B$2:$C$34,2,FALSE),"NA") -> 12 Month | D27: 4090 | E27: 390 | F27: 0.32 | G27: 0.26 | H27: =1-(G27/F27) -> 0.1875
A28: 45689 | B28: m2m | C28: =_xlfn.IFNA(VLOOKUP($B28,ref!$B$2:$C$34,2,FALSE),"NA") -> Spot | D28: 4090 | E28: 390 | F28: 0.32 | G28: 0.26 | H28: =1-(G28/F28) -> 0.1875
A29: 45689 | B29: m2m | C29: =_xlfn.IFNA(VLOOKUP($B29,ref!$B$2:$C$34,2,FALSE),"NA") -> Spot | D29: 4090 | E29: 390 | F29: 0.32 | G29: 0.26 | H29: =1-(G29/F29) -> 0.1875
A30: 45689 | C30: =_xlfn.IFNA(VLOOKUP($B30,ref!$B$2:$C$34,2,FALSE),"NA") -> NA | D30: 4090 | E30: 390 | F30: 0.32 | G30: 0.26 | H30: =1-(G30/F30) -> 0.1875
A31: 45799 | B31: 3mo | C31: =_xlfn.IFNA(VLOOKUP($B31,ref!$B$2:$C$34,2,FALSE),"NA") -> 3 Month | D31: H200 | E31: 384 | F31: 1.75 | G31: 1.5 | H31: =1-(G31/F31) -> 0.14285714
A32: 46066 | B32: 6mo | C32: =_xlfn.IFNA(VLOOKUP($B32,ref!$B$2:$C$34,2,FALSE),"NA") -> 6 Month | D32: H100 | E32: 352 | F32: 1.42 | G32: 1.25 | H32: =1-(G32/F32) -> 0.11971831
A33: 46044 | B33: 1mo | C33: =_xlfn.IFNA(VLOOKUP($B33,ref!$B$2:$C$34,2,FALSE),"NA") -> 1 Month | D33: B200 | E33: 336 | F33: 1.63 | G33: 1.315 | H33: =1-(G33/F33) -> 0.19325153
A34: 46034 | B34: 43739719591 | C34: =_xlfn.IFNA(VLOOKUP($B34,ref!$B$2:$C$34,2,FALSE),"NA") -> Misc | D34: B200 | E34: 256 | F34: 2.8 | G34: 2.6 | H34: =1-(G34/F34) -> 0.071428571
A35: 46034 | B35: 24mo | C35: =_xlfn.IFNA(VLOOKUP($B35,ref!$B$2:$C$34,2,FALSE),"NA") -> 24 Month | D35: B200 | E35: 256 | F35: 2.8 | G35: 2.6 | H35: =1-(G35/F35) -> 0.071428571
A36: 45767 | B36: 3mo | C36: =_xlfn.IFNA(VLOOKUP($B36,ref!$B$2:$C$34,2,FALSE),"NA") -> 3 Month | D36: H200 | E36: 256 | F36: 2.35 | G36: 2.1 | H36: =1-(G36/F36) -> 0.10638298
A37: 45767 | B37: 3mo | C37: =_xlfn.IFNA(VLOOKUP($B37,ref!$B$2:$C$34,2,FALSE),"NA") -> 3 Month | E37: 256 | F37: 0.25 | H37: =1-(G37/F37) -> 1
A38: 45723 | C38: =_xlfn.IFNA(VLOOKUP($B38,ref!$B$2:$C$34,2,FALSE),"NA") -> NA | D38: H200 | E38: 256 | F38: 2.1 | G38: 2.1 | H38: =1-(G38/F38) -> 0
A39: 45723 | B39: 3mo | C39: =_xlfn.IFNA(VLOOKUP($B39,ref!$B$2:$C$34,2,FALSE),"NA") -> 3 Month | D39: H200 | E39: 256 | F39: 2.1 | G39: 2.1 | H39: =1-(G39/F39) -> 0
A40: 45905 | B40: wk | C40: =_xlfn.IFNA(VLOOKUP($B40,ref!$B$2:$C$34,2,FALSE),"NA") -> Spot | D40: H200 | E40: 224 | F40: 1.75 | G40: 1.6 | H40: =1-(G40/F40) -> 0.085714286
A41: 45763 | C41: =_xlfn.IFNA(VLOOKUP($B41,ref!$B$2:$C$34,2,FALSE),"NA") -> NA | D41: H100 | E41: 224 | F41: 2.45 | G41: 2.33 | H41: =1-(G41/F41) -> 0.048979592
A42: 45674 | B42: 12mo | C42: =_xlfn.IFNA(VLOOKUP($B42,ref!$B$2:$C$34,2,FALSE),"NA") -> 12 Month | D42: H100 | E42: 224 | F42: 2.5 | G42: 2.3 | H42: =1-(G42/F42) -> 0.08
A43: 45674 | B43: 12mo | C43: =_xlfn.IFNA(VLOOKUP($B43,ref!$B$2:$C$34,2,FALSE),"NA") -> 12 Month | D43: H100 | E43: 224 | F43: 2.5 | G43: 2.33 | H43: =1-(G43/F43) -> 0.068
A44: 45674 | C44: =_xlfn.IFNA(VLOOKUP($B44,ref!$B$2:$C$34,2,FALSE),"NA") -> NA | D44: H100 | E44: 224 | F44: 2.5 | G44: 2.33 | H44: =1-(G44/F44) -> 0.068
A45: 46024 | B45: 1mo | C45: =_xlfn.IFNA(VLOOKUP($B45,ref!$B$2:$C$34,2,FALSE),"NA") -> 1 Month | D45: B200 | E45: 200 | F45: 3.5 | G45: 3.4 | H45: =1-(G45/F45) -> 0.028571429
A46: 45785 | B46: 3mo | C46: =_xlfn.IFNA(VLOOKUP($B46,ref!$B$2:$C$34,2,FALSE),"NA") -> 3 Month | D46: 4090 | E46: 200 | F46: 0.58 | G46: 0.508 | H46: =1-(G46/F46) -> 0.12413793
A47: 45785 | B47: 3mo | C47: =_xlfn.IFNA(VLOOKUP($B47,ref!$B$2:$C$34,2,FALSE),"NA") -> 3 Month | D47: 4090 | E47: 200 | F47: 0.58 | G47: 0.508 | H47: =1-(G47/F47) -> 0.12413793
A48: 45785 | B48: 3mo | C48: =_xlfn.IFNA(VLOOKUP($B48,ref!$B$2:$C$34,2,FALSE),"NA") -> 3 Month | D48: 4090 | E48: 200 | F48: 0.58 | G48: 0.508 | H48: =1-(G48/F48) -> 0.12413793
A49: 45769 | B49: 3mo | C49: =_xlfn.IFNA(VLOOKUP($B49,ref!$B$2:$C$34,2,FALSE),"NA") -> 3 Month | D49: 4090 | E49: 200 | F49: 0.58 | G49: 0.508 | H49: =1-(G49/F49) -> 0.12413793
A50: 45805 | B50: wk | C50: =_xlfn.IFNA(VLOOKUP($B50,ref!$B$2:$C$34,2,FALSE),"NA") -> Spot | D50: H200 | E50: 176 | F50: 3.1 | G50: 2.7 | H50: =1-(G50/F50) -> 0.12903226
A51: 46057 | B51: 12mo | C51: =_xlfn.IFNA(VLOOKUP($B51,ref!$B$2:$C$34,2,FALSE),"NA") -> 12 Month | D51: B200 | E51: 168 | F51: 3.15 | G51: 3.05 | H51: =1-(G51/F51) -> 0.031746032
A52: 46008 | B52: 1mo | C52: =_xlfn.IFNA(VLOOKUP($B52,ref!$B$2:$C$34,2,FALSE),"NA") -> 1 Month | D52: H200 | E52: 160 | F52: 2.1 | G52: 1.8 | H52: =1-(G52/F52) -> 0.14285714
A53: 46008 | B53: 1mo | C53: =_xlfn.IFNA(VLOOKUP($B53,ref!$B$2:$C$34,2,FALSE),"NA") -> 1 Month | D53: H200 | E53: 160 | F53: 2.1 | G53: 1.8 | H53: =1-(G53/F53) -> 0.14285714
A54: 46008 | B54: 1mo | C54: =_xlfn.IFNA(VLOOKUP($B54,ref!$B$2:$C$34,2,FALSE),"NA") -> 1 Month | D54: H200 | E54: 160 | F54: 2.1 | G54: 1.8 | H54: =1-(G54/F54) -> 0.14285714
A55: 45957 | B55: ir3 | C55: =_xlfn.IFNA(VLOOKUP($B55,ref!$B$2:$C$34,2,FALSE),"NA") -> Misc | D55: H200 | E55: 160 | F55: 1.45 | G55: 1.3 | H55: =1-(G55/F55) -> 0.10344828
A56: 45957 | B56: ir3 | C56: =_xlfn.IFNA(VLOOKUP($B56,ref!$B$2:$C$34,2,FALSE),"NA") -> Misc | D56: H200 | E56: 160 | F56: 1.45 | G56: 1.3 | H56: =1-(G56/F56) -> 0.10344828
A57: 45957 | B57: ir3 | C57: =_xlfn.IFNA(VLOOKUP($B57,ref!$B$2:$C$34,2,FALSE),"NA") -> Misc | D57: H200 | E57: 160 | F57: 1.45 | G57: 1.3 | H57: =1-(G57/F57) -> 0.10344828
A58: 45921 | B58: ir1 | C58: =_xlfn.IFNA(VLOOKUP($B58,ref!$B$2:$C$34,2,FALSE),"NA") -> Misc | D58: H200 | E58: 160 | F58: 1.2 | G58: 1.1 | H58: =1-(G58/F58) -> 0.083333333
A59: 45809 | B59: 1mo | C59: =_xlfn.IFNA(VLOOKUP($B59,ref!$B$2:$C$34,2,FALSE),"NA") -> 1 Month | D59: H200 | E59: 160 | F59: 2.25 | G59: 2.1 | H59: =1-(G59/F59) -> 0.066666667
A60: 45809 | B60: 1mo | C60: =_xlfn.IFNA(VLOOKUP($B60,ref!$B$2:$C$34,2,FALSE),"NA") -> 1 Month | D60: H200 | E60: 160 | F60: 2.25 | G60: 2.1 | H60: =1-(G60/F60) -> 0.066666667
A61: 45809 | B61: 1mo | C61: =_xlfn.IFNA(VLOOKUP($B61,ref!$B$2:$C$34,2,FALSE),"NA") -> 1 Month | D61: H200 | E61: 160 | F61: 2.25 | G61: 2.1 | H61: =1-(G61/F61) -> 0.066666667
... A83: 45803 | B83: 1mo | C83: =_xlfn.IFNA(VLOOKUP($B83,ref!$B$2:$C$34,2,FALSE),"NA") -> 1 Month | D83: H200 | E83: 152 | F83: 2.4 | G83: 1.5 | H83: =1-(G83/F83) -> 0.375
A84: 46066 | B84: 4mo | C84: =_xlfn.IFNA(VLOOKUP($B84,ref!$B$2:$C$34,2,FALSE),"NA") -> 4 Month | E84: 144 | F84: 0.5 | G84: 0.43 | H84: =1-(G84/F84) -> 0.14
A85: 45962 | B85: m2m | C85: =_xlfn.IFNA(VLOOKUP($B85,ref!$B$2:$C$34,2,FALSE),"NA") -> Spot | D85: L40S | E85: 144 | F85: 0.85 | G85: 0.75 | H85: =1-(G85/F85) -> 0.11764706
A86: 45814 | B86: 1mo | C86: =_xlfn.IFNA(VLOOKUP($B86,ref!$B$2:$C$34,2,FALSE),"NA") -> 1 Month | D86: L40S | E86: 144 | F86: 0.85 | G86: 0.75 | H86: =1-(G86/F86) -> 0.11764706
A87: 45814 | B87: 1mo | C87: =_xlfn.IFNA(VLOOKUP($B87,ref!$B$2:$C$34,2,FALSE),"NA") -> 1 Month | D87: L40S | E87: 144 | F87: 0.85 | G87: 0.75 | H87: =1-(G87/F87) -> 0.11764706
A88: 45921 | B88: ir1 | C88: =_xlfn.IFNA(VLOOKUP($B88,ref!$B$2:$C$34,2,FALSE),"NA") -> Misc | D88: H200 | E88: 136 | F88: 1.2 | G88: 1.1 | H88: =1-(G88/F88) -> 0.083333333
A89: 45979 | B89: 3mo | C89: =_xlfn.IFNA(VLOOKUP($B89,ref!$B$2:$C$34,2,FALSE),"NA") -> 3 Month | D89: 5090 | E89: 128 | F89: 0.5 | G89: 0.43 | H89: =1-(G89/F89) -> 0.14
A90: 45979 | B90: 3mo | C90: =_xlfn.IFNA(VLOOKUP($B90,ref!$B$2:$C$34,2,FALSE),"NA") -> 3 Month | D90: 5090 | E90: 128 | F90: 0.5 | G90: 0.43 | H90: =1-(G90/F90) -> 0.14
A91: 45979 | B91: 1mo | C91: =_xlfn.IFNA(VLOOKUP($B91,ref!$B$2:$C$34,2,FALSE),"NA") -> 1 Month | D91: 5090 | E91: 128 | F91: 0.5 | G91: 0.43 | H91: =1-(G91/F91) -> 0.14
A92: 45923 | B92: poc | C92: =_xlfn.IFNA(VLOOKUP($B92,ref!$B$2:$C$34,2,FALSE),"NA") -> Misc | D92: H200 | E92: 128 | F92: 1.9 | G92: 1.75 | H92: =1-(G92/F92) -> 0.078947368
A93: 45921 | B93: ir1 | C93: =_xlfn.IFNA(VLOOKUP($B93,ref!$B$2:$C$34,2,FALSE),"NA") -> Misc | D93: H200 | E93: 128 | F93: 1.2 | G93: 1.1 | H93: =1-(G93/F93) -> 0.083333333
A94: 45921 | B94: ir1 | C94: =_xlfn.IFNA(VLOOKUP($B94,ref!$B$2:$C$34,2,FALSE),"NA") -> Misc | D94: H200 | E94: 128 | F94: 1.2 | G94: 1.1 | H94: =1-(G94/F94) -> 0.083333333
A95: 45921 | B95: ir1 | C95: =_xlfn.IFNA(VLOOKUP($B95,ref!$B$2:$C$34,2,FALSE),"NA") -> Misc | D95: H200 | E95: 128 | F95: 1.2 | G95: 1.1 | H95: =1-(G95/F95) -> 0.083333333
A96: 45914 | B96: ir1 | C96: =_xlfn.IFNA(VLOOKUP($B96,ref!$B$2:$C$34,2,FALSE),"NA") -> Misc | E96: 128 | F96: 1.2 | G96: 1.1 | H96: =1-(G96/F96) -> 0.083333333
A97: 45814 | B97: 1mo | C97: =_xlfn.IFNA(VLOOKUP($B97,ref!$B$2:$C$34,2,FALSE),"NA") -> 1 Month | D97: L40S | E97: 128 | F97: 0.85 | G97: 0.75 | H97: =1-(G97/F97) -> 0.11764706
A98: 45813 | B98: 1mo | C98: =_xlfn.IFNA(VLOOKUP($B98,ref!$B$2:$C$34,2,FALSE),"NA") -> 1 Month | D98: H200 | E98: 128 | F98: 2.3 | G98: 2.1 | H98: =1-(G98/F98) -> 0.086956522
A99: 45783 | B99: 1mo | C99: =_xlfn.IFNA(VLOOKUP($B99,ref!$B$2:$C$34,2,FALSE),"NA") -> 1 Month | D99: H200 | E99: 128 | F99: 2.5 | G99: 2.1 | H99: =1-(G99/F99) -> 0.16
A100: 45702 | B100: wk | C100: =_xlfn.IFNA(VLOOKUP($B100,ref!$B$2:$C$34,2,FALSE),"NA") -> Spot | D100: H100 | E100: 128 | F100: 2.3 | G100: 2.1 | H100: =1-(G100/F100) -> 0.086956522
A101: 45702 | B101: wk | C101: =_xlfn.IFNA(VLOOKUP($B101,ref!$B$2:$C$34,2,FALSE),"NA") -> Spot | D101: H100 | E101: 128 | F101: 2.3 | G101: 2.1 | H101: =1-(G101/F101) -> 0.086956522
A102: 45702 | B102: wk | C102: =_xlfn.IFNA(VLOOKUP($B102,ref!$B$2:$C$34,2,FALSE),"NA") -> Spot | D102: H100 | E102: 128 | F102: 2.3 | G102: 2.1 | H102: =1-(G102/F102) -> 0.086956522
A103: 45674 | B103: 9mo | C103: =_xlfn.IFNA(VLOOKUP($B103,ref!$B$2:$C$34,2,FALSE),"NA") -> 9 Month | D103: H100 | E103: 128 | F103: 2.5 | G103: 2.36 | H103: =1-(G103/F103) -> 0.056
A104: 45979 | B104: 3mo | C104: =_xlfn.IFNA(VLOOKUP($B104,ref!$B$2:$C$34,2,FALSE),"NA") -> 3 Month | D104: B200 | E104: 120 | F104: 3.5 | G104: 3.4 | H104: =1-(G104/F104) -> 0.028571429
A105: 45978 | B105: 3mo | C105: =_xlfn.IFNA(VLOOKUP($B105,ref!$B$2:$C$34,2,FALSE),"NA") -> 3 Month | D105: B200 | E105: 120 | F105: 3.5 | G105: 3.4 | H105: =1-(G105/F105) -> 0.028571429
A106: 45978 | B106: 3mo | C106: =_xlfn.IFNA(VLOOKUP($B106,ref!$B$2:$C$34,2,FALSE),"NA") -> 3 Month | D106: B200 | E106: 120 | F106: 3.5 | G106: 3.4 | H106: =1-(G106/F106) -> 0.028571429
A107: 45957 | B107: m2m | C107: =_xlfn.IFNA(VLOOKUP($B107,ref!$B$2:$C$34,2,FALSE),"NA") -> Spot | D107: B200 | E107: 120 | F107: 3.5 | G107: 3.4 | H107: =1-(G107/F107) -> 0.028571429
A108: 45814 | B108: 1mo | C108: =_xlfn.IFNA(VLOOKUP($B108,ref!$B$2:$C$34,2,FALSE),"NA") -> 1 Month | D108: L40S | E108: 120 | F108: 0.85 | G108: 0.75 | H108: =1-(G108/F108) -> 0.11764706
A109: 45814 | B109: 1mo | C109: =_xlfn.IFNA(VLOOKUP($B109,ref!$B$2:$C$34,2,FALSE),"NA") -> 1 Month | D109: L40S | E109: 120 | F109: 0.85 | G109: 0.75 | H109: =1-(G109/F109) -> 0.11764706
A110: 45778 | B110: 12mo | C110: =_xlfn.IFNA(VLOOKUP($B110,ref!$B$2:$C$34,2,FALSE),"NA") -> 12 Month | D110: 4090 | E110: 114 | F110: 0.32 | G110: 0.26 | H110: =1-(G110/F110) -> 0.1875
A111: 45957 | B111: ir3 | C111: =_xlfn.IFNA(VLOOKUP($B111,ref!$B$2:$C$34,2,FALSE),"NA") -> Misc | D111: H200 | E111: 112 | F111: 1.8 | G111: 1.6 | H111: =1-(G111/F111) -> 0.11111111
A112: 45957 | B112: ir3 | C112: =_xlfn.IFNA(VLOOKUP($B112,ref!$B$2:$C$34,2,FALSE),"NA") -> Misc | D112: H200 | E112: 112 | F112: 1.8 | G112: 1.6 | H112: =1-(G112/F112) -> 0.11111111
A113: 45957 | B113: ir3 | C113: =_xlfn.IFNA(VLOOKUP($B113,ref!$B$2:$C$34,2,FALSE),"NA") -> Misc | D113: H200 | E113: 112 | F113: 1.8 | G113: 1.6 | H113: =1-(G113/F113) -> 0.11111111
A114: 45957 | B114: ir3 | C114: =_xlfn.IFNA(VLOOKUP($B114,ref!$B$2:$C$34,2,FALSE),"NA") -> Misc | D114: H200 | E114: 112 | F114: 1.8 | G114: 1.6 | H114: =1-(G114/F114) -> 0.11111111
A115: 45957 | B115: ir3 | C115: =_xlfn.IFNA(VLOOKUP($B115,ref!$B$2:$C$34,2,FALSE),"NA") -> Misc | D115: H200 | E115: 112 | F115: 1.8 | G115: 1.6 | H115: =1-(G115/F115) -> 0.11111111
A116: 45957 | B116: ir3 | C116: =_xlfn.IFNA(VLOOKUP($B116,ref!$B$2:$C$34,2,FALSE),"NA") -> Misc | D116: H200 | E116: 112 | F116: 1.8 | G116: 1.6 | H116: =1-(G116/F116) -> 0.11111111
A117: 45884 | B117: ir1 | C117: =_xlfn.IFNA(VLOOKUP($B117,ref!$B$2:$C$34,2,FALSE),"NA") -> Misc | D117: H200 | E117: 112 | F117: 1.25 | G117: 1.2 | H117: =1-(G117/F117) -> 0.04
A118: 45884 | B118: wk | C118: =_xlfn.IFNA(VLOOKUP($B118,ref!$B$2:$C$34,2,FALSE),"NA") -> Spot | D118: H200 | E118: 112 | F118: 1.25 | G118: 1.2 | H118: =1-(G118/F118) -> 0.04
A119: 45795 | B119: 1mo | C119: =_xlfn.IFNA(VLOOKUP($B119,ref!$B$2:$C$34,2,FALSE),"NA") -> 1 Month | D119: H200 | E119: 112 | F119: 2.9 | G119: 2.5 | H119: =1-(G119/F119) -> 0.13793103
A120: 45795 | B120: 1mo | C120: =_xlfn.IFNA(VLOOKUP($B120,ref!$B$2:$C$34,2,FALSE),"NA") -> 1 Month | D120: H200 | E120: 112 | F120: 2.9 | G120: 2.5 | H120: =1-(G120/F120) -> 0.13793103
A121: 45795 | B121: 1mo | C121: =_xlfn.IFNA(VLOOKUP($B121,ref!$B$2:$C$34,2,FALSE),"NA") -> 1 Month | D121: H200 | E121: 112 | F121: 2.9 | G121: 2.5 | H121: =1-(G121/F121) -> 0.13793103
...

Sheet Pivot
A3: Row Labels | B3: Count of Term_Fixed | C3: Average of Supplier GPU/ Hr | D3: Average of GPUs/Quant
A4: 1 Month | B4: 167 | C4: 167 | D4: 167
A5: 3090 | B5: 13 | C5: 0.23230769 | D5: 20.307692
A6: 4090 | B6: 2 | C6: 0.355 | D6: 16
A7: 5090 | B7: 4 | C7: 0.51 | D7: 40
A8: A100 | B8: 18 | C8: 1.1766667 | D8: 12
A9: A6000 Ampere | B9: 1 | C9: 0.52 | D9: 8
A10: B200 | B10: 16 | C10: 3.0296875 | D10: 50.625
A11: CPU | B11: 8 | C11: 144.22275 | D11: 4.125
A12: GH200 | B12: 1 | C12: 1.8 | D12: 2
A13: H100 | B13: 33 | C13: 1.7715152 | D13: 45
A14: H200 | B14: 54 | C14: 1.9509259 | D14: 55.240741
A15: L40S | B15: 9 | C15: 0.76333333 | D15: 86.222222
A16: RTX Pro 6000 | B16: 1 | C16: 1.2 | D16: 24
A17: Storage | B17: 1 | C17: 40 | D17: 25
A18: (blank) | B18: 6 | C18: 1.4816667 | D18: 34.666667
A19: 12 Month | B19: 102 | C19: 98 | D19: 102
A20: 4090 | B20: 23 | C20: 0.27826087 | D20: 83.304348
A21: 5090 | B21: 2 | C21: 0.45 | D21: 8
A22: A100 | B22: 8 | C22: 1.1625 | D22: 38
A23: A100 40g | B23: 4 | D23: 8
A24: A100 80g | B24: 9 | C24: 0.95 | D24: 8
A25: A6000 | B25: 1 | C25: 0.38 | D25: 8
A26: B200 | B26: 7 | C26: 3.35 | D26: 30.857143
A27: H100 | B27: 35 | C27: 1.9788571 | D27: 139.42857
A28: H200 | B28: 10 | C28: 2.085 | D28: 9.6
A29: L40S | B29: 3 | C29: 0.87 | D29: 80
A30: 2 Month | B30: 3 | C30: 3 | D30: 3
A31: H200 | B31: 3 | C31: 1.7 | D31: 8
A32: 20 Month | B32: 7 | C32: 7 | D32: 7
A33: H200 | B33: 7 | C33: 2.55 | D33: 32
A34: 24 Month | B34: 10 | C34: 10 | D34: 10
A35: B200 | B35: 1 | C35: 2.6 | D35: 256
... A37: 3 Month | B37: 83 | C37: 82 | D37: 83
A38: 4090 | B38: 4 | C38: 0.508 | D38: 200
A39: 5090 | B39: 3 | C39: 0.44 | D39: 112
A40: A100 | B40: 5 | C40: 0.93 | D40: 8
A41: A100 80g PCIE | B41: 1 | C41: 1.19 | D41: 8
A42: B200 | B42: 9 | C42: 3.3166667 | D42: 50.666667
A43: CPU | B43: 4 | C43: 562.6575 | D43: 3
A44: H200 | B44: 46 | C44: 1.9871739 | D44: 89.565217
A45: L40S | B45: 6 | C45: 0.72 | D45: 8
A46: (blank) | B46: 5 | C46: 2.205 | D46: 89.6
A47: 4 Month | B47: 3 | C47: 3 | D47: 3
A48: 5090 | B48: 1 | C48: 0.43 | D48: 24
A49: (blank) | B49: 2 | C49: 0.43 | D49: 112
A50: 6 Month | B50: 45 | C50: 45 | D50: 44
A51: 5090 | B51: 1 | C51: 0.4 | D51: 80
A52: A100 | B52: 6 | C52: 1.14 | D52: 8
A53: A6000 | B53: 6 | C53: 0.4 | D53: 8
A54: H100 | B54: 12 | C54: 2.16 | D54: 460.33333
A55: H200 | B55: 13 | C55: 2.3884615 | D55: 8.6153846
A56: Storage | B56: 1 | C56: 30 | D56: 42
A57: V100 | B57: 4 | C57: 0.29 | D57: 8
A58: (blank) | B58: 2 | C58: 30 | D58: 42
A59: 7 Month | B59: 6 | C59: 6 | D59: 6
A60: H100 | B60: 6 | C60: 2.51 | D60: 16
A61: 9 Month | B61: 8 | C61: 8 | D61: 8 | F61: =10/1817 -> 0.0055035773
A62: H100 | B62: 8 | C62: 1.8525 | D62: 58
A63: Misc | B63: 158 | C63: 158 | D63: 158
A64: 4090 | B64: 4 | C64: 0.543 | D64: 8
A65: 5090 | B65: 1 | C65: 0.45 | D65: 8
A66: B200 | B66: 28 | C66: 2.7357143 | D66: 20.571429
A67: H200 | B67: 123 | C67: 1.8405691 | D67: 53.918699
A68: NVIDIA B200 | B68: 1 | C68: 2.45 | D68: 8
A69: (blank) | B69: 1 | C69: 1.1 | D69: 128
A70: NA | B70: 176 | C70: 172 | D70: 169
A71: 3090 | B71: 14 | C71: 0.26628571 | D71: 9.3571429
A72: 4090 | B72: 28 | C72: 0.42875 | D72: 23.714286
A73: A100 | B73: 13 | C73: 1.0407692 | D73: 14.153846
A74: A6000 Ampere | B74: 12 | C74: 0.657 | D74: 8
A75: B200 | B75: 7 | C75: 2.8571429 | D75: 14.666667
A76: CPU | B76: 5 | C76: 900.822 | D76: 1
A77: GH200 | B77: 3 | C77: 1.795 | D77: 1
A78: H100 | B78: 23 | C78: 2.0902727 | D78: 187.30435
A79: H200 | B79: 19 | C79: 2.3494118 | D79: 40.736842
A80: L40S | B80: 1 | C80: 0.87 | D80: 80
A81: NVIDIA GeForce RTX 3090 | B81: 2 | C81: 0.2805 | D81: 1
A82: NVIDIA GeForce RTX 4090 | B82: 4 | C82: 0.31225 | D82: 8
A83: NVIDIA H100 80GB HBM3 | B83: 1 | C83: 1.25 | D83: 8
A84: Storage | B84: 16 | C84: 22.535 | D84: 29.125
... A87: Spot | B87: 1049 | C87: 1049 | D87: 1047
A88: 3090 | B88: 55 | C88: 0.27427273 | D88: 9.1090909
A89: 4090 | B89: 122 | C89: 0.49504918 | D89: 27.081967 | G89: =1049/1817 -> 0.57732526
A90: 5090 | B90: 11 | C90: 0.69272727 | D90: 12.363636
A91: A100 | B91: 7 | C91: 1.2542857 | D91: 15.142857
A92: A100 PCIE | B92: 9 | C92: 0.7 | D92: 4
A93: A6000 | B93: 1 | C93: 0.59 | D93: 8
A94: A6000 ADA | B94: 2 | C94: 0.976 | D94: 8
A95: A6000 Ampere | B95: 8 | C95: 0.57625 | D95: 10
A96: B200 | B96: 41 | C96: 2.8756098 | D96: 22.829268
A97: CPU | B97: 5 | C97: 343.744 | D97: 1
A98: GH200 | B98: 1 | C98: 1.8 | D98: 2
A99: H100 | B99: 24 | C99: 2.1373333 | D99: 42.791667
A100: H200 | B100: 323 | C100: 2.539904 | D100: 24.448916
A101: L40S | B101: 10 | C101: 0.7008 | D101: 21.6
A102: NVIDIA A100-SXM4-80GB | B102: 1 | C102: 1.181 | D102: 8
... A114: Grand Total | B114: 1817 | C114: 7.1327583 | D114: 37.976204

Sheet ref
B2: Term (Original) | C2: Term (Fixed)
B3: 43739719591 | C3: Misc
B4: 0.91mo | C4: Spot
B5: 0mo | C5: Spot
B6: 12 mo | C6: 12 Month
B7: 12mo | C7: 12 Month
B8: 1d | C8: Spot
B9: 1mo | C9: 1 Month
B10: 20mo | C10: 20 Month
B11: 24hr | C11: Spot
B12: 24mo | C12: 24 Month
B13: 2mo | C13: 2 Month
B14: 2w test | C14: Misc
B15: 3mo | C15: 3 Month
... B34: wk | C34: Spot

Sheet Price Evolution
A1: GPU Price Evolution — Avg Buyer Rate ($/GPU/Hr) | F1: Avg Supplier Rate ($/GPU/Hr)
A3: Month | B3: H100 | C3: H200 | D3: B200 | F3: Month | G3: H100 | H3: H200 | I3: B200
A4: 45597 | C4: 2.6 | F4: 45597 | H4: 2.4
A5: 45658 | B5: 2.34 | C5: 3.09 | F5: 45658 | G5: 2.16 | H5: 2.7
A6: 45689 | B6: 2.36 | C6: 2.98 | F6: 45689 | G6: 2.17 | H6: 2.59
A7: 45717 | B7: 2.14 | C7: 3.04 | F7: 45717 | G7: 1.99 | H7: 2.66
A8: 45748 | B8: 2.41 | C8: 3 | F8: 45748 | G8: 2.23 | H8: 2.61
A9: 45778 | B9: 2.12 | C9: 2.78 | F9: 45778 | G9: 2.03 | H9: 2.27
A10: 45809 | B10: 2.41 | C10: 2.46 | F10: 45809 | G10: 2.28 | H10: 2.2
A11: 45839 | B11: 2.48 | C11: 2.58 | D11: 3.59 | F11: 45839 | G11: 2.32 | H11: 2.41 | I11: 3.4
A12: 45870 | C12: 1.83 | D12: 3.5 | F12: 45870 | H12: 1.73 | I12: 3.14
A13: 45901 | B13: 1.65 | C13: 1.86 | D13: 3.65 | F13: 45901 | G13: 1.41 | H13: 1.65 | I13: 3.3
A14: 45931 | C14: 1.74 | D14: 3.5 | F14: 45931 | H14: 1.55 | I14: 3.34
A15: 45962 | B15: 1.21 | C15: 1.6 | D15: 3 | F15: 45962 | G15: 1.08 | H15: 1.42 | I15: 2.81
A16: 45992 | B16: 1.36 | C16: 2.04 | D16: 3.02 | F16: 45992 | G16: 1.25 | H16: 1.86 | I16: 2.87
A17: 46023 | B17: 1.46 | C17: 2.11 | D17: 3.01 | F17: 46023 | G17: 1.28 | H17: 1.9 | I17: 2.83
A18: 46054 | B18: 1.42 | D18: 3.98 | F18: 46054 | G18: 1.25 | I18: 3.55
A21: Monthly Deal Count
A22: Month | B22: H100 | C22: H200 | D22: B200
A23: 45597 | B23: 0 | C23: 1 | D23: 0
A24: 45658 | B24: 27 | C24: 18 | D24: 0
A25: 45689 | B25: 16 | C25: 56 | D25: 0
A26: 45717 | B26: 4 | C26: 40 | D26: 0
A27: 45748 | B27: 11 | C27: 172 | D27: 0
A28: 45778 | B28: 46 | C28: 92 | D28: 0
A29: 45809 | B29: 4 | C29: 43 | D29: 0
A30: 45839 | B30: 21 | C30: 23 | D30: 7
A31: 45870 | B31: 0 | C31: 62 | D31: 8
A32: 45901 | B32: 3 | C32: 29 | D32: 20
A33: 45931 | B33: 0 | C33: 18 | D33: 2
A34: 45962 | B34: 7 | C34: 27 | D34: 53
... A37: 46054 | B37: 3 | C37: 0 | D37: 13
